{
  "model_name": "BERT",
  "metrics": {
    "accuracy": 0.44666666666666666,
    "precision": 0.43333333333333335,
    "recall": 0.16455696202531644,
    "f1_score": 0.23853211009174313,
    "training_time": 34.46610903739929
  },
  "per_class_metrics": {
    "negative": {
      "precision": 0.45,
      "recall": 0.7605633802816901,
      "f1_score": 0.5654450261780105
    },
    "positive": {
      "precision": 0.43333333333333335,
      "recall": 0.16455696202531644,
      "f1_score": 0.23853211009174313
    },
    "macro_avg": {
      "precision": 0.44166666666666665,
      "recall": 0.4625601711535033,
      "f1_score": 0.4019885681348768
    }
  },
  "classification_report": "              precision    recall  f1-score   support\n\n    negative       0.45      0.76      0.57        71\n    positive       0.43      0.16      0.24        79\n\n    accuracy                           0.45       150\n   macro avg       0.44      0.46      0.40       150\nweighted avg       0.44      0.45      0.39       150\n",
  "confusion_matrix": [
    [
      54,
      17
    ],
    [
      66,
      13
    ]
  ],
  "confusion_matrix_normalized": [
    [
      0.7605633802816901,
      0.23943661971830985
    ],
    [
      0.8354430379746836,
      0.16455696202531644
    ]
  ]
}