{
  "model_name": "BERT",
  "metrics": {
    "accuracy": 0.52,
    "precision": 0.49927304448967724,
    "recall": 0.49974937343358394,
    "f1_score": 0.41111520058888484,
    "training_time": 3028.1673810482025
  },
  "per_class_metrics": {
    "Class_0": {
      "precision": 0.47368421052631576,
      "recall": 0.09473684210526316,
      "f1_score": 0.15789473684210525
    },
    "Class_1": {
      "precision": 0.5248618784530387,
      "recall": 0.9047619047619048,
      "f1_score": 0.6643356643356644
    },
    "macro_avg": {
      "precision": 0.49927304448967724,
      "recall": 0.49974937343358394,
      "f1_score": 0.41111520058888484
    }
  },
  "classification_report": "              precision    recall  f1-score   support\n\n           0       0.47      0.09      0.16        95\n           1       0.52      0.90      0.66       105\n\n    accuracy                           0.52       200\n   macro avg       0.50      0.50      0.41       200\nweighted avg       0.50      0.52      0.42       200\n",
  "confusion_matrix": [
    [
      9,
      86
    ],
    [
      10,
      95
    ]
  ],
  "confusion_matrix_normalized": [
    [
      0.09473684210526316,
      0.9052631578947369
    ],
    [
      0.09523809523809523,
      0.9047619047619048
    ]
  ]
}