{
  "model_name": "BiLSTM",
  "metrics": {
    "accuracy": 0.5333333333333333,
    "precision": 0.5302013422818792,
    "recall": 1.0,
    "f1_score": 0.6929824561403509,
    "training_time": 1.6064949035644531
  },
  "per_class_metrics": {
    "negative": {
      "precision": 1.0,
      "recall": 0.014084507042253521,
      "f1_score": 0.027777777777777776
    },
    "positive": {
      "precision": 0.5302013422818792,
      "recall": 1.0,
      "f1_score": 0.6929824561403509
    },
    "macro_avg": {
      "precision": 0.7651006711409396,
      "recall": 0.5070422535211268,
      "f1_score": 0.36038011695906436
    }
  },
  "classification_report": "              precision    recall  f1-score   support\n\n    negative       1.00      0.01      0.03        71\n    positive       0.53      1.00      0.69        79\n\n    accuracy                           0.53       150\n   macro avg       0.77      0.51      0.36       150\nweighted avg       0.75      0.53      0.38       150\n",
  "confusion_matrix": [
    [
      1,
      70
    ],
    [
      0,
      79
    ]
  ],
  "confusion_matrix_normalized": [
    [
      0.014084507042253521,
      0.9859154929577465
    ],
    [
      0.0,
      1.0
    ]
  ]
}