{
  "model_name": "BiLSTM",
  "metrics": {
    "accuracy": 0.525,
    "precision": 0.5128865979381443,
    "recall": 0.5015037593984962,
    "f1_score": 0.3708400940428491,
    "training_time": 62.92027282714844
  },
  "per_class_metrics": {
    "Class_0": {
      "precision": 0.5,
      "recall": 0.031578947368421054,
      "f1_score": 0.0594059405940594
    },
    "Class_1": {
      "precision": 0.5257731958762887,
      "recall": 0.9714285714285714,
      "f1_score": 0.6822742474916388
    },
    "macro_avg": {
      "precision": 0.5128865979381443,
      "recall": 0.5015037593984962,
      "f1_score": 0.3708400940428491
    }
  },
  "classification_report": "              precision    recall  f1-score   support\n\n           0       0.50      0.03      0.06        95\n           1       0.53      0.97      0.68       105\n\n    accuracy                           0.53       200\n   macro avg       0.51      0.50      0.37       200\nweighted avg       0.51      0.53      0.39       200\n",
  "confusion_matrix": [
    [
      3,
      92
    ],
    [
      3,
      102
    ]
  ],
  "confusion_matrix_normalized": [
    [
      0.031578947368421054,
      0.968421052631579
    ],
    [
      0.02857142857142857,
      0.9714285714285714
    ]
  ]
}