{
  "model_name": "ELECTRA",
  "metrics": {
    "accuracy": 0.545,
    "precision": 0.6847079037800687,
    "recall": 0.5215538847117794,
    "f1_score": 0.3973310374515712,
    "training_time": 3530.223135948181
  },
  "per_class_metrics": {
    "Class_0": {
      "precision": 0.8333333333333334,
      "recall": 0.05263157894736842,
      "f1_score": 0.09900990099009901
    },
    "Class_1": {
      "precision": 0.5360824742268041,
      "recall": 0.9904761904761905,
      "f1_score": 0.6956521739130435
    },
    "macro_avg": {
      "precision": 0.6847079037800687,
      "recall": 0.5215538847117794,
      "f1_score": 0.3973310374515712
    }
  },
  "classification_report": "              precision    recall  f1-score   support\n\n           0       0.83      0.05      0.10        95\n           1       0.54      0.99      0.70       105\n\n    accuracy                           0.55       200\n   macro avg       0.68      0.52      0.40       200\nweighted avg       0.68      0.55      0.41       200\n",
  "confusion_matrix": [
    [
      5,
      90
    ],
    [
      1,
      104
    ]
  ],
  "confusion_matrix_normalized": [
    [
      0.05263157894736842,
      0.9473684210526315
    ],
    [
      0.009523809523809525,
      0.9904761904761905
    ]
  ]
}