{
  "model_name": "ELECTRA",
  "metrics": {
    "accuracy": 0.5133333333333333,
    "precision": 0.5227272727272727,
    "recall": 0.8734177215189873,
    "f1_score": 0.6540284360189573,
    "training_time": 35.425467014312744
  },
  "per_class_metrics": {
    "negative": {
      "precision": 0.4444444444444444,
      "recall": 0.11267605633802817,
      "f1_score": 0.1797752808988764
    },
    "positive": {
      "precision": 0.5227272727272727,
      "recall": 0.8734177215189873,
      "f1_score": 0.6540284360189573
    },
    "macro_avg": {
      "precision": 0.48358585858585856,
      "recall": 0.49304688892850773,
      "f1_score": 0.41690185845891686
    }
  },
  "classification_report": "              precision    recall  f1-score   support\n\n    negative       0.44      0.11      0.18        71\n    positive       0.52      0.87      0.65        79\n\n    accuracy                           0.51       150\n   macro avg       0.48      0.49      0.42       150\nweighted avg       0.49      0.51      0.43       150\n",
  "confusion_matrix": [
    [
      8,
      63
    ],
    [
      10,
      69
    ]
  ],
  "confusion_matrix_normalized": [
    [
      0.11267605633802817,
      0.8873239436619719
    ],
    [
      0.12658227848101267,
      0.8734177215189873
    ]
  ]
}