{
  "model_name": "linear_regression",
  "metrics": {
    "accuracy": 0.535,
    "precision": 0.7651515151515151,
    "recall": 0.5105263157894737,
    "f1_score": 0.3671532101663774,
    "training_time": 0.001974821090698242
  },
  "per_class_metrics": {
    "Class_0": {
      "precision": 1.0,
      "recall": 0.021052631578947368,
      "f1_score": 0.041237113402061855
    },
    "Class_1": {
      "precision": 0.5303030303030303,
      "recall": 1.0,
      "f1_score": 0.693069306930693
    },
    "macro_avg": {
      "precision": 0.7651515151515151,
      "recall": 0.5105263157894737,
      "f1_score": 0.3671532101663774
    }
  },
  "classification_report": "              precision    recall  f1-score   support\n\n           0       1.00      0.02      0.04        95\n           1       0.53      1.00      0.69       105\n\n    accuracy                           0.54       200\n   macro avg       0.77      0.51      0.37       200\nweighted avg       0.75      0.54      0.38       200\n",
  "confusion_matrix": [
    [
      2,
      93
    ],
    [
      0,
      105
    ]
  ],
  "confusion_matrix_normalized": [
    [
      0.021052631578947368,
      0.9789473684210527
    ],
    [
      0.0,
      1.0
    ]
  ]
}