Model,Accuracy,Precision,Recall,F1-Score,Training Time (s)
BERT,0.52,0.49927304448967724,0.49974937343358394,0.41111520058888484,3028.1673810482025
ELECTRA,0.545,0.6847079037800687,0.5215538847117794,0.3973310374515712,3530.223135948181
BiLSTM,0.525,0.5128865979381443,0.5015037593984962,0.3708400940428491,62.92027282714844
linear_regression,0.535,0.7651515151515151,0.5105263157894737,0.3671532101663774,0.002685070037841797
svc_sgd,0.53,0.7638190954773869,0.5052631578947369,0.35581140350877194,0.0030341148376464844
random_forest,0.53,0.7638190954773869,0.5052631578947369,0.35581140350877194,0.057266950607299805
xgboost,0.525,0.2625,0.5,0.3442622950819672,0.014741897583007812
