Model,Accuracy,Precision,Recall,F1-Score,Training Time (s)
svc_sgd,0.5333333333333333,0.5302013422818792,1.0,0.6929824561403509,0.0033111572265625
BiLSTM,0.5333333333333333,0.5302013422818792,1.0,0.6929824561403509,1.6064949035644531
linear_regression,0.58,0.5689655172413793,0.8354430379746836,0.676923076923077,0.003255128860473633
xgboost,0.58,0.5689655172413793,0.8354430379746836,0.676923076923077,0.01971888542175293
random_forest,0.5733333333333334,0.5641025641025641,0.8354430379746836,0.673469387755102,0.05529284477233887
ELECTRA,0.5133333333333333,0.5227272727272727,0.8734177215189873,0.6540284360189573,35.425467014312744
BERT,0.44666666666666666,0.43333333333333335,0.16455696202531644,0.23853211009174313,34.46610903739929
