Model,Accuracy,Precision,Recall,F1-Score,Training Time (s)
BiLSTM,0.49,0.40115718418514945,0.469172932330827,0.36755952380952384,1.7365038394927979
linear_regression,0.535,0.7651515151515151,0.5105263157894737,0.3671532101663774,0.001974821090698242
ELECTRA,0.535,0.7651515151515151,0.5105263157894737,0.3671532101663774,37.672027826309204
svc_sgd,0.53,0.7638190954773869,0.5052631578947369,0.35581140350877194,0.0025281906127929688
random_forest,0.53,0.7638190954773869,0.5052631578947369,0.35581140350877194,0.053508758544921875
xgboost,0.525,0.2625,0.5,0.3442622950819672,0.016340017318725586
BERT,0.525,0.2625,0.5,0.3442622950819672,39.131922006607056
