{
  "model_name": "random_forest",
  "metrics": {
    "accuracy": 0.5733333333333334,
    "precision": 0.5641025641025641,
    "recall": 0.8354430379746836,
    "f1_score": 0.673469387755102,
    "training_time": 0.05529284477233887
  },
  "per_class_metrics": {
    "negative": {
      "precision": 0.6060606060606061,
      "recall": 0.28169014084507044,
      "f1_score": 0.38461538461538464
    },
    "positive": {
      "precision": 0.5641025641025641,
      "recall": 0.8354430379746836,
      "f1_score": 0.673469387755102
    },
    "macro_avg": {
      "precision": 0.5850815850815851,
      "recall": 0.558566589409877,
      "f1_score": 0.5290423861852434
    }
  },
  "classification_report": "              precision    recall  f1-score   support\n\n    negative       0.61      0.28      0.38        71\n    positive       0.56      0.84      0.67        79\n\n    accuracy                           0.57       150\n   macro avg       0.59      0.56      0.53       150\nweighted avg       0.58      0.57      0.54       150\n",
  "confusion_matrix": [
    [
      20,
      51
    ],
    [
      13,
      66
    ]
  ],
  "confusion_matrix_normalized": [
    [
      0.28169014084507044,
      0.7183098591549296
    ],
    [
      0.16455696202531644,
      0.8354430379746836
    ]
  ]
}