{
  "model_name": "svc_sgd",
  "metrics": {
    "accuracy": 0.53,
    "precision": 0.7638190954773869,
    "recall": 0.5052631578947369,
    "f1_score": 0.35581140350877194,
    "training_time": 0.0025281906127929688
  },
  "per_class_metrics": {
    "Class_0": {
      "precision": 1.0,
      "recall": 0.010526315789473684,
      "f1_score": 0.020833333333333332
    },
    "Class_1": {
      "precision": 0.5276381909547738,
      "recall": 1.0,
      "f1_score": 0.6907894736842105
    },
    "macro_avg": {
      "precision": 0.7638190954773869,
      "recall": 0.5052631578947369,
      "f1_score": 0.35581140350877194
    }
  },
  "classification_report": "              precision    recall  f1-score   support\n\n           0       1.00      0.01      0.02        95\n           1       0.53      1.00      0.69       105\n\n    accuracy                           0.53       200\n   macro avg       0.76      0.51      0.36       200\nweighted avg       0.75      0.53      0.37       200\n",
  "confusion_matrix": [
    [
      1,
      94
    ],
    [
      0,
      105
    ]
  ],
  "confusion_matrix_normalized": [
    [
      0.010526315789473684,
      0.9894736842105263
    ],
    [
      0.0,
      1.0
    ]
  ]
}