{
  "model_name": "xgboost",
  "metrics": {
    "accuracy": 0.525,
    "precision": 0.2625,
    "recall": 0.5,
    "f1_score": 0.3442622950819672,
    "training_time": 0.016340017318725586
  },
  "per_class_metrics": {
    "Class_0": {
      "precision": 0.0,
      "recall": 0.0,
      "f1_score": 0.0
    },
    "Class_1": {
      "precision": 0.525,
      "recall": 1.0,
      "f1_score": 0.6885245901639344
    },
    "macro_avg": {
      "precision": 0.2625,
      "recall": 0.5,
      "f1_score": 0.3442622950819672
    }
  },
  "classification_report": "              precision    recall  f1-score   support\n\n           0       0.00      0.00      0.00        95\n           1       0.53      1.00      0.69       105\n\n    accuracy                           0.53       200\n   macro avg       0.26      0.50      0.34       200\nweighted avg       0.28      0.53      0.36       200\n",
  "confusion_matrix": [
    [
      0,
      95
    ],
    [
      0,
      105
    ]
  ],
  "confusion_matrix_normalized": [
    [
      0.0,
      1.0
    ],
    [
      0.0,
      1.0
    ]
  ]
}