{
  "model_name": "xgboost",
  "metrics": {
    "accuracy": 0.58,
    "precision": 0.5689655172413793,
    "recall": 0.8354430379746836,
    "f1_score": 0.676923076923077,
    "training_time": 0.01971888542175293
  },
  "per_class_metrics": {
    "negative": {
      "precision": 0.6176470588235294,
      "recall": 0.29577464788732394,
      "f1_score": 0.4
    },
    "positive": {
      "precision": 0.5689655172413793,
      "recall": 0.8354430379746836,
      "f1_score": 0.676923076923077
    },
    "macro_avg": {
      "precision": 0.5933062880324544,
      "recall": 0.5656088429310038,
      "f1_score": 0.5384615384615385
    }
  },
  "classification_report": "              precision    recall  f1-score   support\n\n    negative       0.62      0.30      0.40        71\n    positive       0.57      0.84      0.68        79\n\n    accuracy                           0.58       150\n   macro avg       0.59      0.57      0.54       150\nweighted avg       0.59      0.58      0.55       150\n",
  "confusion_matrix": [
    [
      21,
      50
    ],
    [
      13,
      66
    ]
  ],
  "confusion_matrix_normalized": [
    [
      0.29577464788732394,
      0.704225352112676
    ],
    [
      0.16455696202531644,
      0.8354430379746836
    ]
  ]
}